{
  "hash": "74f202d1",
  "configHash": "7b6060ef",
  "lockfileHash": "0caf7bb4",
  "browserHash": "8122b041",
  "optimized": {
    "@angular/common": {
      "src": "../../../../../../node_modules/@angular/common/fesm2022/common.mjs",
      "file": "@angular_common.js",
      "fileHash": "f3f107e9",
      "needsInterop": false
    },
    "@angular/common/http": {
      "src": "../../../../../../node_modules/@angular/common/fesm2022/http.mjs",
      "file": "@angular_common_http.js",
      "fileHash": "5bc3b1f7",
      "needsInterop": false
    },
    "@angular/core": {
      "src": "../../../../../../node_modules/@angular/core/fesm2022/core.mjs",
      "file": "@angular_core.js",
      "fileHash": "ffbf81c2",
      "needsInterop": false
    },
    "@angular/forms": {
      "src": "../../../../../../node_modules/@angular/forms/fesm2022/forms.mjs",
      "file": "@angular_forms.js",
      "fileHash": "27807402",
      "needsInterop": false
    },
    "@angular/platform-browser": {
      "src": "../../../../../../node_modules/@angular/platform-browser/fesm2022/platform-browser.mjs",
      "file": "@angular_platform-browser.js",
      "fileHash": "3d7bdcfc",
      "needsInterop": false
    },
    "@angular/router": {
      "src": "../../../../../../node_modules/@angular/router/fesm2022/router.mjs",
      "file": "@angular_router.js",
      "fileHash": "2d2a1bf3",
      "needsInterop": false
    },
    "zone.js": {
      "src": "../../../../../../node_modules/zone.js/fesm2015/zone.js",
      "file": "zone__js.js",
      "fileHash": "57237b25",
      "needsInterop": true
    }
  },
  "chunks": {
    "chunk-RVT7OVB4": {
      "file": "chunk-RVT7OVB4.js"
    },
    "chunk-NJEIR6R2": {
      "file": "chunk-NJEIR6R2.js"
    },
    "chunk-3D64XPEK": {
      "file": "chunk-3D64XPEK.js"
    },
    "chunk-ZJ25XCV3": {
      "file": "chunk-ZJ25XCV3.js"
    },
    "chunk-YL7SFJWB": {
      "file": "chunk-YL7SFJWB.js"
    },
    "chunk-GOMI4DH3": {
      "file": "chunk-GOMI4DH3.js"
    }
  }
}